feature_name,datatype,unique_values,missing_count,missing_percentage,mean,std,min,max
ROA(C) before interest and depreciation before interest,float64,3333,0,0.0,0.5051796332417815,0.06068563875428444,0.0,1.0
ROA(A) before interest and % after tax,float64,3151,0,0.0,0.5586249158750463,0.06562003103170726,0.0,1.0
ROA(B) before interest and depreciation after tax,float64,3160,0,0.0,0.5535887093516657,0.06159480929187566,0.0,1.0
Operating Gross Margin,float64,3781,0,0.0,0.6079480383703836,0.01693381254822146,0.0,1.0
Realized Sales Gross Margin,float64,3788,0,0.0,0.6079294691769791,0.01691607005567578,0.0,1.0
Operating Profit Rate,float64,3376,0,0.0,0.9987551277900442,0.013010025092984125,0.0,1.0
Pre-tax net Interest Rate,float64,3789,0,0.0,0.7971897524712905,0.012868988419884597,0.0,1.0
After-tax net Interest Rate,float64,3604,0,0.0,0.8090835935135348,0.013600653945149043,0.0,1.0
Non-industry income and expenditure/revenue,float64,2551,0,0.0,0.303622923649734,0.011163439838128548,0.0,1.0
Continuous interest rate (after tax),float64,3617,0,0.0,0.7813814325261418,0.012679004028913246,0.0,1.0
Operating Expense Rate,float64,2966,0,0.0,1995347312.8028853,3237683890.5223837,0.0,9990000000.0
Research and development expense rate,float64,1536,0,0.0,1950427306.0568295,2598291553.9983206,0.0,9980000000.0
Cash flow rate,float64,5557,0,0.0,0.4674311857796612,0.017035517308785362,0.0,1.0
Interest-bearing debt interest rate,float64,1080,0,0.0,16448012.905942537,108275033.532824,0.0,990000000.0
Tax rate (A),float64,2488,0,0.0,0.11500074794142427,0.13866749672835132,0.0,1.0
Net Value Per Share (B),float64,2278,0,0.0,0.19066057949747392,0.033389768351330985,0.0,1.0
Net Value Per Share (A),float64,2285,0,0.0,0.19063317896774643,0.033473514172429,0.0,1.0
Net Value Per Share (C),float64,2284,0,0.0,0.1906723702531618,0.03348013767040907,0.0,1.0
Persistent EPS in the Last Four Seasons,float64,1358,0,0.0,0.22881285256452782,0.03326261307597689,0.0,1.0
Cash Flow Per Share,float64,1545,0,0.0,0.32348191216983224,0.01761091295834377,0.0,1.0
Revenue Per Share (Yuan ¥),float64,3807,0,0.0,1328640.6020960682,51707089.76790663,0.0,3020000000.0
Operating Profit Per Share (Yuan ¥),float64,1236,0,0.0,0.10909073887546925,0.027942244774416095,0.0,1.0
Per Share Net profit before tax (Yuan ¥),float64,1522,0,0.0,0.18436057764203345,0.03318020898090537,0.0,1.0
Realized Sales Gross Profit Growth Rate,float64,5583,0,0.0,0.02240785447416587,0.012079270152911608,0.0,1.0
Operating Profit Growth Rate,float64,6249,0,0.0,0.8479799951688084,0.010752477405401351,0.0,1.0
After-tax Net Profit Growth Rate,float64,6246,0,0.0,0.6891461185681318,0.013853022260934765,0.0,1.0
Regular Net Profit Growth Rate,float64,6253,0,0.0,0.6891500117795616,0.0139102834140106,0.0,1.0
Continuous Net Profit Growth Rate,float64,6270,0,0.0,0.21763901299696697,0.01006296314611611,0.0,1.0
Total Asset Growth Rate,float64,1751,0,0.0,5508096595.248749,2897717771.1697035,0.0,9990000000.0
Net Value Growth Rate,float64,4502,0,0.0,1566212.055241067,114159389.51834548,0.0,9330000000.0
Total Asset Return Growth Rate Ratio,float64,2903,0,0.0,0.2642475118758414,0.009634208862611605,0.0,1.0
Cash Reinvestment %,float64,3599,0,0.0,0.37967667232266245,0.020736565809616806,0.0,1.0
Current Ratio,float64,6132,0,0.0,403284.954244977,33302155.825480215,0.0,2750000000.0
Quick Ratio,float64,6094,0,0.0,8376594.819684891,244684748.44687235,0.0,9230000000.0
Interest Expense Ratio,float64,3794,0,0.0,0.6309910117124214,0.011238461504050156,0.0,1.0
Total debt/Total net worth,float64,5518,0,0.0,4416336.714259365,168406905.28151134,0.0,9940000000.0
Debt ratio %,float64,4208,0,0.0,0.11317708497306007,0.05392030606308283,0.0,1.0
Net worth/Assets,float64,4208,0,0.0,0.8868229150269401,0.05392030606308284,0.0,1.0
Long-term fund suitability ratio (A),float64,6523,0,0.0,0.00878273381503679,0.028152926049290605,0.0,1.0
Borrowing dependency,float64,4338,0,0.0,0.37465429459872324,0.016286163355500444,0.0,1.0
Contingent liabilities/Net worth,float64,1855,0,0.0,0.0059682772664790325,0.012188361875857312,0.0,1.0
Operating profit/Paid-in capital,float64,4423,0,0.0,0.10897668140338518,0.02778168598564047,0.0,1.0
Net profit before tax/Paid-in capital,float64,4785,0,0.0,0.18271502907673604,0.030784771508309793,0.0,1.0
Inventory and accounts receivable/Net value,float64,5289,0,0.0,0.40245933052066923,0.013324079587932275,0.0,1.0
Total Asset Turnover,float64,381,0,0.0,0.14160561602172958,0.1011449684929233,0.0,1.0
Accounts Receivable Turnover,float64,1593,0,0.0,12789705.237553563,278259836.9840667,0.0,9740000000.0
Average Collection Days,float64,5451,0,0.0,9826220.861191595,256358895.70533204,0.0,9730000000.0
Inventory Turnover Rate (times),float64,2397,0,0.0,2149106056.607619,3247967014.047812,0.0,9990000000.0
Fixed Assets Turnover Frequency,float64,2451,0,0.0,1008595981.8175156,2477557316.9201517,0.0,9990000000.0
Net Worth Turnover Rate (times),float64,741,0,0.0,0.038595054614951586,0.036680343560413615,0.0,1.0
Revenue per person,float64,5667,0,0.0,2325854.266358276,136632654.3899363,0.0,8810000000.0
Operating profit per person,float64,3023,0,0.0,0.40067101508133507,0.032720144194699534,0.0,1.0
Allocation rate per person,float64,6768,0,0.0,11255785.321742088,294506294.11677057,0.0,9570000000.0
Working Capital to Total Assets,float64,6819,0,0.0,0.814125170261333,0.0590544026482635,0.0,1.0
Quick Assets/Total Assets,float64,6819,0,0.0,0.4001318123650569,0.20199806668068215,0.0,1.0
Current Assets/Total Assets,float64,6819,0,0.0,0.5222734467680338,0.21811182151419323,0.0,1.0
Cash/Total Assets,float64,6819,0,0.0,0.12409456048965214,0.13925058358332645,0.0,1.0
Quick Assets/Current Liability,float64,6819,0,0.0,3592902.1968296515,171620908.60682163,0.0,8820000000.0
Cash/Current Liability,float64,6816,0,0.0,37159994.147133335,510350903.16273063,0.0,9650000000.0
Current Liability to Assets,float64,6819,0,0.0,0.0906727945676238,0.05028985666891821,0.0,1.0
Operating Funds to Liability,float64,6819,0,0.0,0.35382800412158655,0.035147184179188065,0.0,1.0
Inventory/Working Capital,float64,6593,0,0.0,0.27739510610233165,0.010468846972945228,0.0,1.0
Inventory/Current Liability,float64,6590,0,0.0,55806804.52577958,582051554.6194191,0.0,9910000000.0
Current Liabilities/Liability,float64,6627,0,0.0,0.7615988775853332,0.20667676768344223,0.0,1.0
Working Capital/Equity,float64,6819,0,0.0,0.7358165257322183,0.011678026475599061,0.0,1.0
Current Liabilities/Equity,float64,6819,0,0.0,0.33140980061698827,0.013488027908897866,0.0,1.0
Long-term Liability to Current Assets,float64,4249,0,0.0,54160038.13589435,570270621.9592104,0.0,9540000000.0
Retained Earnings to Total Assets,float64,6819,0,0.0,0.9347327541270043,0.025564221690643103,0.0,1.0
Total income/Total expense,float64,6819,0,0.0,0.002548945567386416,0.01209281469621801,0.0,1.0
Total expense/Assets,float64,6819,0,0.0,0.02918409925586063,0.02714877679286165,0.0,1.0
Current Asset Turnover Rate,float64,6261,0,0.0,1195855763.3089354,2821161238.262308,0.0,10000000000.0
Quick Asset Turnover Rate,float64,5377,0,0.0,2163735272.034426,3374944402.166023,0.0,10000000000.0
Working capitcal Turnover Rate,float64,6819,0,0.0,0.5940062655659162,0.008959384178922204,0.0,1.0
Cash Turnover Rate,float64,4023,0,0.0,2471976967.444318,2938623226.6788445,0.0,10000000000.0
Cash Flow to Sales,float64,6819,0,0.0,0.6715307810992098,0.0093413456183006,0.0,1.0
Fixed Assets to Assets,float64,6814,0,0.0,1220120.5015895537,100754158.71316808,0.0,8320000000.0
Current Liability to Liability,float64,6627,0,0.0,0.7615988775853332,0.20667676768344223,0.0,1.0
Current Liability to Equity,float64,6819,0,0.0,0.33140980061698827,0.013488027908897866,0.0,1.0
Equity to Long-term Liability,float64,4251,0,0.0,0.11564465149636942,0.019529176275314197,0.0,1.0
Cash Flow to Total Assets,float64,6819,0,0.0,0.6497305901792364,0.04737213191450496,0.0,1.0
Cash Flow to Liability,float64,6819,0,0.0,0.4618492532922571,0.029942680345244794,0.0,1.0
CFO to Assets,float64,6819,0,0.0,0.5934150861096208,0.05856055014224858,0.0,1.0
Cash Flow to Equity,float64,6819,0,0.0,0.3155823898995751,0.01296089240164725,0.0,1.0
Current Liability to Current Assets,float64,6819,0,0.0,0.031506365747440736,0.030844688453563848,0.0,1.0
Liability-Assets Flag,int64,2,0,0.0,0.001173192550227306,0.034234310865302146,0.0,1.0
Net Income to Total Assets,float64,6819,0,0.0,0.8077602200365486,0.040332191531426226,0.0,1.0
Total assets to GNP price,float64,6818,0,0.0,18629417.81183602,376450059.7458224,0.0,9820000000.0
No-credit Interval,float64,6819,0,0.0,0.623914574767534,0.012289548007412282,0.0,1.0
Gross Profit to Sales,float64,6816,0,0.0,0.607946340270717,0.016933807795673647,0.0,1.0
Net Income to Stockholder's Equity,float64,6819,0,0.0,0.8404020646301005,0.01452252608252491,0.0,1.0
Liability to Equity,float64,6819,0,0.0,0.2803651538333931,0.014463223575594045,0.0,1.0
Degree of Financial Leverage (DFL),float64,6240,0,0.0,0.027541119421203627,0.01566794186642967,0.0,1.0
Interest Coverage Ratio (Interest expense to EBIT),float64,6240,0,0.0,0.5653579335465574,0.013214239761961918,0.0,1.0
Net Income Flag,int64,1,0,0.0,1.0,0.0,1.0,1.0
Equity to Liability,float64,6819,0,0.0,0.047578356529497656,0.05001371618013796,0.0,1.0
